0.250000,0.000000,0.250000,1.000000,0.748951,0.830189,0.808511,0.007692,0.000000,0.007564,0.007634,0.000000,0.000000,0.333333,0.500000,0.666667,0.000000,1.000000,0.750000,0.333333,0.250000,0.333333,0.000000,1.000000,0.666667,0.000000,0.000000,0.000000,0.333333,0.000000,0.833333,0.883898,0.882104,0.023310,0.000000,0.028161,0.030142,0.017860,0.000000,0.916667,0.850000,0.769431,0.886670,0.022104,0.017214,0.882353,0
0.125000,0.250000,0.250000,0.250000,0.671134,0.981132,0.978723,0.022308,0.000000,0.021936,0.018473,0.013333,0.000423,0.666667,1.000000,0.666667,0.000000,0.666667,0.750000,0.666667,0.500000,0.666667,1.000000,0.333333,0.000000,0.000000,0.000000,0.000000,0.000000,0.666667,0.666667,0.772363,0.878569,0.163490,0.276978,0.242596,0.369214,0.001901,0.000000,0.916667,0.850000,0.769431,0.886670,0.185195,0.144227,0.882353,0
0.125000,0.500000,0.250000,0.250000,0.751654,0.830189,0.808511,0.115046,0.000000,0.113132,0.114168,0.000000,0.000000,0.666667,1.000000,0.333333,0.000000,0.666667,0.250000,0.666667,0.250000,0.666667,0.000000,1.000000,0.000000,0.000000,0.000000,0.000000,0.000000,0.000000,0.666667,0.887938,0.889150,0.030422,0.000000,0.000000,0.019912,0.040787,0.000000,0.916667,0.760000,0.769431,0.886670,0.020784,0.016186,0.985294,0
0.875000,0.250000,0.250000,0.000000,0.695036,0.924528,0.914894,0.081200,0.012923,0.086203,0.050351,0.133333,0.102817,0.333333,1.000000,0.333333,0.000000,0.666667,0.750000,1.000000,0.500000,0.666667,1.000000,0.333333,0.000000,0.000000,0.000000,0.000000,0.666667,0.000000,0.500000,0.852709,0.845097,0.037892,0.000000,0.069523,0.088875,0.000000,0.000000,0.916667,0.850000,0.769431,0.886670,0.100695,0.078420,0.882353,0
0.625000,0.000000,0.250000,0.000000,0.723838,0.886792,0.872340,0.115385,0.000000,0.113464,0.068702,0.166667,0.006761,0.333333,1.000000,0.666667,0.000000,0.333333,0.750000,0.666667,0.250000,0.666667,0.000000,1.000000,0.666667,0.000000,0.333333,0.000000,0.000000,0.000000,0.500000,0.822372,0.901461,0.201471,0.000000,0.340280,0.318626,0.103824,0.000000,0.916667,1.000000,0.769431,0.886670,0.253065,0.197084,0.955882,0
0.125000,0.750000,0.250000,0.250000,0.707312,0.905660,0.893617,0.430769,0.000000,0.423601,0.390840,0.133333,0.270986,0.666667,1.000000,0.333333,0.000000,0.333333,0.750000,1.000000,1.000000,0.333333,0.000000,0.333333,0.666667,1.000000,0.000000,0.000000,0.000000,0.000000,0.666667,0.885981,0.901412,0.183002,0.000000,0.000000,0.087521,0.245367,0.023517,0.916667,0.760000,0.769431,0.886670,0.147191,0.114630,0.985294,0
0.125000,0.750000,0.250000,0.250000,0.749345,0.830189,0.808511,0.230769,0.000000,0.226929,0.137405,0.333333,0.281690,1.000000,1.000000,0.333333,0.000000,1.000000,0.750000,0.333333,0.250000,0.666667,0.000000,0.666667,0.000000,0.000000,0.333333,0.000000,1.000000,0.000000,0.833333,0.879332,0.888037,0.046606,0.000000,0.000000,0.056943,0.030377,0.016790,0.833333,0.760000,0.769431,0.886670,0.028809,0.022436,0.955882,0
0.125000,0.500000,0.250000,0.250000,0.789240,0.754717,0.723404,0.050462,0.000000,0.049622,0.050076,0.000000,0.027324,0.333333,1.000000,0.666667,0.010264,0.666667,0.250000,0.666667,0.500000,0.666667,1.000000,0.666667,0.000000,0.000000,0.333333,0.000000,0.000000,0.000000,0.500000,0.936416,0.974537,0.117343,0.000000,0.000000,0.000000,0.111282,0.107771,0.833333,0.760000,0.769431,0.886670,0.087147,0.067869,0.955882,1
0.500000,0.250000,0.250000,0.000000,0.702131,0.924528,0.914894,0.100000,0.000000,0.098336,0.084580,0.053333,0.062535,1.000000,1.000000,0.666667,0.076877,0.666667,1.000000,0.666667,0.250000,0.666667,0.000000,0.333333,0.000000,0.000000,0.000000,0.000000,1.000000,0.666667,0.666667,0.828921,0.907987,0.714414,0.000000,0.000000,0.385851,0.120987,1.000000,0.916667,0.760000,0.769431,0.886670,0.181250,0.141155,0.955882,0
0.875000,0.000000,0.250000,0.250000,0.820519,0.698113,0.659574,0.086154,0.000000,0.084720,0.058015,0.100000,0.006197,0.333333,1.000000,0.666667,0.008211,0.333333,0.750000,0.333333,0.250000,0.666667,0.000000,0.666667,0.333333,0.000000,0.000000,0.000000,1.000000,0.000000,0.500000,0.953454,0.981088,0.131845,0.000000,0.000000,0.000000,0.081477,0.170036,0.916667,0.760000,0.769431,0.886670,0.091526,0.071279,0.882353,0
0.125000,0.500000,0.250000,0.250000,0.733101,0.867925,0.851064,0.069231,0.000000,0.068079,0.065038,0.013333,0.077465,0.333333,1.000000,0.333333,0.049481,0.666667,0.750000,0.666667,0.250000,0.666667,0.000000,1.000000,0.000000,0.000000,0.000000,0.000000,0.666667,0.000000,0.666667,0.960831,0.974438,0.078378,0.000000,0.000000,0.000000,0.019175,0.133962,0.916667,1.000000,0.769431,0.886670,0.080976,0.063063,0.882353,0
0.125000,0.250000,0.250000,0.250000,0.673048,0.981132,0.978723,0.461538,0.000000,0.453858,0.403053,0.200000,0.197183,0.333333,1.000000,0.666667,0.014663,0.666667,0.250000,0.666667,0.250000,0.666667,0.000000,0.000000,0.000000,0.000000,0.000000,0.000000,1.000000,0.000000,0.333333,0.858957,0.873650,0.070679,0.000000,0.144032,0.162852,0.000000,0.000000,0.916667,0.850000,0.769431,0.886670,0.089410,0.069629,0.808824,0
0.125000,0.250000,0.250000,0.250000,0.733861,0.867925,0.851064,0.061538,0.000000,0.060514,0.042748,0.066667,0.057831,0.333333,1.000000,0.333333,0.014663,0.333333,0.750000,0.666667,0.500000,0.666667,0.666667,0.000000,0.333333,0.000000,0.000000,0.000000,0.000000,1.000000,0.333333,0.873184,0.905960,0.092116,0.000000,0.073336,0.078832,0.101758,0.000000,0.833333,1.000000,0.769431,0.886670,0.057381,0.080989,0.808824,0
0.125000,0.250000,0.250000,0.250000,0.814043,0.716981,0.680851,0.141538,0.000000,0.139183,0.112977,0.100000,0.130986,0.333333,1.000000,0.333333,0.000000,1.000000,0.750000,1.000000,0.750000,0.666667,0.000000,0.000000,0.000000,0.000000,0.000000,0.000000,0.000000,0.000000,1.000000,0.932929,0.937406,0.000000,0.000000,0.000000,0.000000,0.000000,0.000000,0.916667,1.000000,0.769431,0.886670,0.032148,0.025052,0.882353,0
0.125000,0.500000,0.250000,0.250000,0.714857,0.905660,0.893617,0.010462,0.000000,0.010287,0.010382,0.000000,0.072676,0.333333,1.000000,1.000000,0.022507,1.000000,0.750000,0.333333,0.250000,0.333333,0.333333,0.000000,0.000000,0.000000,0.666667,0.000000,0.000000,1.000000,0.500000,0.797481,0.902969,0.245837,0.125899,0.208094,0.448251,0.108698,0.000000,0.916667,1.000000,0.769431,0.886670,0.327400,0.254975,0.882353,0
0.125000,0.000000,0.250000,0.250000,0.775416,0.792453,0.765957,0.070769,0.000000,0.069592,0.042748,0.100000,0.028732,0.333333,1.000000,0.333333,0.033724,0.666667,0.750000,1.000000,1.000000,0.666667,1.000000,0.000000,0.000000,0.000000,0.000000,0.666667,0.000000,0.000000,0.666667,0.932954,0.942424,0.076651,0.000000,0.000000,0.000000,0.135339,0.000000,0.833333,0.760000,0.769431,0.886670,0.059323,0.046200,0.882353,0
0.125000,0.000000,0.250000,0.250000,0.676399,0.962264,0.957447,0.086154,0.000000,0.084720,0.076336,0.033333,0.096620,0.333333,1.000000,0.666667,0.000000,0.666667,1.000000,0.666667,0.500000,1.000000,1.000000,0.000000,0.333333,0.000000,0.000000,0.000000,0.000000,0.666667,0.500000,0.758211,0.849843,0.237458,0.430216,0.250810,0.558884,0.000000,0.000000,0.916667,0.850000,0.769431,0.886670,0.271473,0.221991,0.808824,0
0.625000,0.000000,0.250000,0.000000,0.662153,1.000000,1.000000,1.000000,0.033846,1.000000,1.000000,0.033333,0.079437,0.333333,1.000000,0.666667,0.000000,0.666667,0.250000,1.000000,0.500000,1.000000,1.000000,0.333333,0.000000,0.000000,0.000000,0.666667,0.000000,0.000000,0.500000,0.813991,0.835999,0.054055,0.000000,0.104137,0.125777,0.000000,0.000000,0.916667,0.850000,0.769431,0.886670,0.078327,0.061000,0.882353,0
0.250000,0.000000,0.250000,0.000000,0.669135,0.981132,0.978723,0.033538,0.000000,0.032980,0.022290,0.040000,0.033803,0.333333,1.000000,0.666667,0.000000,0.333333,0.750000,0.666667,0.500000,1.000000,1.000000,0.666667,0.000000,0.333333,0.000000,0.000000,0.000000,0.000000,0.166667,0.824355,0.848829,0.090849,0.000000,0.000000,0.199165,0.031096,0.000000,0.916667,0.760000,0.769431,0.886670,0.071419,0.055620,0.882353,0
0.250000,0.000000,0.250000,0.000000,0.828852,0.679245,0.638298,0.061538,0.036923,0.078669,0.057405,0.080000,0.002310,0.333333,1.000000,0.333333,0.026393,0.333333,0.750000,1.000000,0.250000,0.666667,1.000000,0.333333,0.666667,0.000000,0.000000,0.000000,0.000000,0.000000,0.833333,0.954157,0.947739,0.015925,0.000000,0.000000,0.000000,0.028118,0.000000,0.916667,1.000000,0.769431,0.886670,0.013099,0.010201,0.955882,0
0.125000,0.750000,0.250000,0.250000,0.665953,0.981132,0.978723,0.138462,0.000000,0.136157,0.128244,0.033333,0.253521,0.666667,1.000000,0.333333,0.674487,1.000000,0.750000,1.000000,0.500000,0.666667,1.000000,0.000000,0.000000,0.000000,0.000000,0.666667,0.000000,0.333333,0.666667,0.865430,0.837878,0.000000,0.000000,0.000000,0.000000,0.000000,0.000000,0.916667,0.760000,0.769431,0.886670,0.042293,0.032938,0.882353,0
0.125000,0.500000,0.250000,0.250000,0.771981,0.792453,0.765957,0.049231,0.024615,0.060514,0.053740,0.026667,0.022535,0.666667,1.000000,0.333333,0.000000,0.666667,1.000000,1.000000,0.500000,1.000000,1.000000,0.000000,0.000000,0.000000,0.000000,0.000000,0.000000,0.666667,0.500000,0.886633,0.905812,0.076527,0.000000,0.000000,0.024693,0.093605,0.028636,0.916667,0.760000,0.769431,0.886670,0.046300,0.105468,0.882353,0
0.125000,0.500000,0.250000,0.250000,0.744024,0.849057,0.829787,0.046154,0.307692,0.196672,0.152672,0.166667,0.221127,0.666667,1.000000,0.333333,0.000000,0.666667,0.750000,0.666667,0.500000,1.000000,1.000000,0.000000,0.000000,0.000000,0.000000,0.000000,0.000000,0.666667,0.500000,0.886006,0.899953,0.064946,0.000000,0.000000,0.000000,0.097797,0.018963,0.916667,1.000000,0.769431,0.886670,0.071276,0.055504,0.882353,0
0.125000,0.000000,0.250000,0.250000,0.786593,0.773585,0.744681,0.138462,0.000000,0.136157,0.119084,0.066667,0.069014,1.000000,1.000000,0.333333,0.000000,0.666667,0.750000,1.000000,0.500000,0.666667,0.333333,0.666667,0.000000,0.000000,1.000000,0.000000,0.000000,0.000000,0.666667,0.960831,0.962399,0.040841,0.000000,0.000000,0.000000,0.017618,0.061235,0.916667,1.000000,0.769431,0.886670,0.037040,0.028847,0.882353,0
0.125000,0.250000,0.250000,0.250000,0.762493,0.811321,0.787234,0.088615,0.000000,0.087141,0.080611,0.026667,0.001127,0.333333,1.000000,0.333333,0.027584,0.666667,0.750000,1.000000,0.500000,1.000000,1.000000,0.000000,0.000000,0.000000,0.000000,0.000000,0.000000,0.666667,0.333333,0.898477,0.937554,0.183170,0.000000,0.000000,0.000000,0.323415,0.000000,0.916667,1.000000,0.769431,0.886670,0.186534,0.145270,0.882353,0
0.625000,0.500000,0.250000,0.000000,0.666460,0.981132,0.978723,0.012308,0.000000,0.012103,0.010382,0.006667,0.011831,0.333333,1.000000,0.333333,0.000000,1.000000,1.000000,1.000000,0.500000,1.000000,1.000000,0.000000,0.000000,0.000000,0.000000,0.000000,0.000000,0.000000,0.166667,0.777282,0.917579,0.272894,0.000000,0.000000,0.390495,0.088675,0.156901,0.916667,0.760000,0.769431,0.886670,0.180981,0.140945,0.882353,0
0.375000,0.500000,0.250000,0.250000,0.733776,0.867925,0.936170,0.085200,0.000000,0.083782,0.011267,0.266667,0.028451,0.333333,1.000000,0.333333,0.045396,0.666667,0.750000,1.000000,0.500000,1.000000,1.000000,0.000000,0.000000,0.000000,0.000000,0.000000,0.000000,0.000000,0.666667,0.916593,0.869101,0.078409,0.000000,0.000000,0.049849,0.087732,0.020616,0.916667,0.760000,0.769431,0.886670,0.055997,0.043610,0.985294,0
0.125000,0.250000,0.500000,0.500000,0.676427,0.962264,0.957447,0.000000,0.000000,0.000000,0.000000,0.000000,0.105634,0.333333,1.000000,1.000000,0.000000,0.333333,1.000000,0.333333,0.500000,0.666667,1.000000,0.000000,0.000000,0.000000,0.333333,0.000000,0.000000,0.666667,0.333333,0.908263,0.894860,0.315159,0.558993,0.437377,0.613336,0.070203,0.000000,0.916667,0.850000,0.769431,0.886670,0.347144,0.270351,0.882353,0
0.125000,0.000000,0.250000,0.250000,0.705650,0.905660,0.893617,0.207692,0.000000,0.204236,0.187786,0.066667,0.233803,0.666667,1.000000,0.666667,0.189757,1.000000,0.750000,1.000000,0.250000,0.666667,0.000000,0.666667,0.333333,0.000000,0.000000,0.000000,1.000000,0.000000,0.666667,0.863925,0.880473,0.097508,0.000000,0.149312,0.214224,0.013318,0.000000,0.916667,0.850000,0.769431,0.886670,0.103621,0.080699,0.882353,0
0.500000,0.500000,0.250000,0.000000,0.672992,0.981132,0.978723,0.021538,0.000000,0.021180,0.006718,0.053333,0.019437,0.333333,1.000000,0.333333,0.002592,1.000000,0.750000,0.666667,0.500000,0.666667,1.000000,0.666667,0.333333,0.000000,0.000000,0.000000,0.000000,0.000000,0.333333,0.840514,0.862649,0.079084,0.000000,0.165740,0.181285,0.000000,0.000000,0.916667,0.850000,0.769431,0.886670,0.103138,0.080323,0.882353,0
0.125000,0.000000,0.250000,0.250000,0.709677,0.905660,0.893617,0.057308,0.000000,0.056354,0.031221,0.093333,0.080563,1.000000,1.000000,0.333333,0.067449,0.666667,1.000000,1.000000,0.500000,1.000000,1.000000,0.000000,0.000000,0.000000,0.000000,0.333333,0.000000,0.666667,0.500000,0.784684,0.814541,0.056863,0.088489,0.046348,0.137836,0.000000,0.000000,1.000000,1.000000,0.651759,0.769431,0.071895,0.055991,0.955882,0
0.125000,0.000000,0.250000,0.250000,0.660492,1.000000,1.000000,0.039231,0.000000,0.038578,0.033435,0.020000,0.028169,0.333333,1.000000,0.333333,0.000000,0.666667,0.750000,1.000000,0.500000,0.666667,1.000000,0.000000,0.666667,0.000000,0.000000,0.000000,0.000000,0.333333,0.500000,0.836298,0.850535,0.079435,0.000000,0.153126,0.184810,0.000000,0.000000,0.916667,0.850000,0.769431,0.886670,0.103455,0.080570,0.882353,0
0.125000,0.000000,0.250000,0.250000,0.661561,1.000000,1.000000,0.153846,0.000000,0.151286,0.042748,0.400000,0.152113,1.000000,1.000000,0.333333,0.058651,0.666667,0.750000,0.666667,0.250000,0.666667,0.000000,1.000000,0.000000,0.000000,0.000000,0.666667,0.333333,0.000000,0.833333,0.855394,0.847445,0.179482,0.000000,0.000000,0.470795,0.000000,0.012623,0.916667,0.760000,0.769431,0.886670,0.172354,0.134227,0.882353,0
0.875000,0.000000,0.250000,0.000000,0.731327,0.867925,0.851064,0.039605,0.000000,0.038946,0.035638,0.013333,0.025352,0.333333,1.000000,0.333333,0.000000,1.000000,0.750000,0.333333,0.250000,0.666667,0.000000,0.666667,1.000000,0.000000,0.000000,0.333333,0.000000,0.000000,0.666667,0.837001,0.842081,0.000000,0.000000,0.000000,0.000000,0.000000,0.000000,0.916667,1.000000,0.769431,0.886670,0.022222,0.018171,0.882353,0
0.125000,0.000000,0.250000,0.250000,0.712886,0.905660,0.893617,0.056923,0.000000,0.055976,0.047328,0.033333,0.059718,0.333333,1.000000,1.000000,0.065727,1.000000,0.750000,1.000000,0.500000,1.000000,1.000000,0.000000,0.666667,0.000000,0.333333,0.000000,0.000000,0.000000,0.500000,0.784834,0.896171,0.316995,0.133094,0.437670,0.634991,0.082326,0.000000,0.916667,1.000000,0.769431,0.886670,0.312423,0.255477,0.955882,0
0.125000,0.000000,0.250000,0.250000,0.711309,0.905660,0.893617,0.056923,0.000000,0.055976,0.047328,0.033333,0.030986,0.333333,1.000000,0.333333,0.000000,1.000000,0.250000,0.333333,0.750000,0.666667,1.000000,0.000000,0.000000,0.666667,0.333333,0.000000,0.000000,0.000000,0.500000,0.837729,0.903735,0.174756,0.000000,0.244356,0.258031,0.108692,0.000000,0.916667,1.000000,0.769431,0.886670,0.199750,0.016339,0.882353,0
0.125000,0.750000,0.250000,0.250000,0.674794,0.962264,0.957447,0.011538,0.000000,0.011346,0.010534,0.003333,0.093380,1.000000,1.000000,0.333333,0.137273,0.666667,0.750000,0.333333,0.250000,0.666667,1.000000,0.666667,0.000000,0.000000,0.000000,0.000000,0.333333,0.000000,0.666667,0.836298,0.853131,0.076347,0.000000,0.152246,0.176593,0.000000,0.000000,0.916667,1.000000,0.769431,0.886670,0.099447,0.077448,0.882353,0
0.125000,0.500000,0.250000,0.250000,0.732960,0.867925,0.851064,0.053846,0.000000,0.052950,0.045191,0.030000,0.074789,0.666667,1.000000,0.333333,0.000000,0.666667,0.250000,0.666667,0.500000,0.666667,0.666667,0.000000,0.000000,0.000000,0.000000,0.333333,0.000000,1.000000,0.666667,0.867739,0.882920,0.073841,0.000000,0.000000,0.143721,0.018685,0.020654,0.916667,0.760000,0.769431,0.886670,0.052414,0.040820,0.882353,0
0.125000,1.000000,0.250000,0.250000,0.746333,0.830189,0.808511,0.010880,0.000000,0.010699,0.001637,0.033333,0.053521,0.333333,1.000000,1.000000,0.000000,0.333333,1.000000,1.000000,0.500000,1.000000,1.000000,0.000000,0.000000,0.000000,0.000000,0.000000,0.000000,0.000000,0.500000,0.833137,0.908235,0.186163,0.000000,0.355240,0.241938,0.124608,0.000000,0.916667,1.000000,0.769431,0.886670,0.224984,0.175215,0.882353,0
0.250000,0.000000,0.250000,0.000000,0.823052,0.698113,0.659574,0.064615,0.000000,0.063540,0.042137,0.080000,0.001408,0.333333,1.000000,0.333333,0.000000,0.333333,0.750000,0.333333,0.250000,0.666667,0.000000,1.000000,0.000000,0.000000,0.666667,0.000000,0.333333,0.000000,0.666667,0.932025,0.954488,0.082527,0.000000,0.000000,0.000000,0.129610,0.018097,0.916667,0.760000,0.769431,0.886670,0.058440,0.045513,0.808824,0
0.125000,0.250000,0.250000,0.250000,0.725612,0.886792,0.872340,0.039125,0.000000,0.038474,0.022337,0.060000,0.047324,0.666667,1.000000,0.666667,0.037915,1.000000,0.750000,0.333333,1.000000,0.666667,0.000000,0.000000,0.000000,0.000000,0.333333,0.666667,1.000000,0.000000,0.666667,0.907435,0.938320,0.106771,0.000000,0.000000,0.000000,0.188521,0.000000,0.916667,1.000000,0.769431,0.886670,0.118616,0.127927,0.882353,0
0.875000,0.000000,0.250000,0.000000,1.000000,0.377358,0.297872,0.052308,0.000000,0.051437,0.029924,0.080000,0.049296,0.333333,1.000000,0.333333,0.000000,0.666667,0.750000,0.666667,0.500000,0.666667,1.000000,0.000000,0.000000,0.000000,0.000000,0.000000,0.000000,0.000000,0.333333,0.942564,0.966478,0.082418,0.000000,0.000000,0.000000,0.084027,0.069103,0.916667,0.760000,0.769431,0.886670,0.061551,0.047935,0.882353,0
0.250000,0.000000,0.250000,0.250000,0.733720,0.867925,0.851064,0.061538,0.000000,0.060514,0.061069,0.000000,0.060563,0.333333,1.000000,0.333333,0.059605,0.333333,0.750000,0.333333,0.250000,0.666667,0.000000,0.000000,0.000000,0.000000,1.000000,0.666667,0.333333,0.000000,0.500000,0.903094,0.902969,0.028467,0.000000,0.000000,0.000000,0.050263,0.000000,0.916667,1.000000,0.769431,0.886670,0.029762,0.023178,0.882353,0
0.125000,0.750000,0.250000,0.250000,0.716940,0.886792,0.872340,0.050446,0.017391,0.058157,0.049530,0.033333,0.050141,0.333333,1.000000,0.333333,0.000000,1.000000,0.750000,1.000000,0.500000,1.000000,1.000000,0.000000,0.000000,0.000000,0.000000,0.000000,0.000000,0.000000,0.500000,0.865456,0.856617,0.008957,0.000000,0.000000,0.024357,0.000000,0.000000,0.916667,0.760000,0.769431,0.886670,0.007783,0.006061,0.882353,0
1.000000,0.750000,0.250000,0.250000,0.763338,0.811321,0.787234,0.129385,0.000000,0.127231,0.091756,0.133333,0.067606,0.333333,1.000000,0.666667,0.000000,0.666667,1.000000,1.000000,0.500000,1.000000,0.666667,0.000000,0.000000,0.000000,0.000000,0.333333,0.000000,1.000000,0.500000,0.924999,0.960075,0.157414,0.000000,0.000000,0.000000,0.223250,0.061455,0.833333,0.760000,0.769431,0.886670,0.124965,0.099454,0.882353,0
0.875000,0.000000,0.250000,0.250000,0.756919,0.811321,0.787234,0.039231,0.000000,0.038578,0.020611,0.066667,0.010141,0.333333,1.000000,0.666667,0.031501,0.333333,0.750000,0.666667,0.500000,0.666667,0.000000,0.000000,0.000000,0.000000,0.333333,1.000000,0.666667,0.000000,0.500000,0.886709,0.951423,0.171698,0.000000,0.026694,0.019124,0.283427,0.004251,0.916667,1.000000,0.769431,0.886670,0.181465,0.141323,0.882353,0
0.250000,0.000000,0.250000,0.000000,0.752555,0.830189,0.808511,0.061538,0.000000,0.060514,0.037252,0.086667,0.052113,0.333333,1.000000,0.666667,0.010317,0.333333,0.500000,1.000000,0.500000,0.666667,1.000000,0.666667,0.000000,0.000000,0.000000,0.333333,0.000000,0.000000,0.666667,0.924171,0.941608,0.120244,0.000000,0.000000,0.000000,0.212310,0.000000,0.916667,1.000000,0.769431,0.886670,0.125344,0.097616,0.882353,0
0.125000,0.750000,0.250000,0.250000,0.744925,0.849057,0.829787,0.056923,0.000000,0.055976,0.056489,0.000000,0.000000,0.333333,1.000000,0.666667,0.000000,0.666667,0.750000,0.666667,0.250000,0.666667,0.666667,1.000000,0.000000,0.000000,0.000000,0.000000,0.333333,0.000000,0.500000,0.903546,0.991743,1.000000,0.000000,0.000000,0.000000,1.000000,0.860382,0.916667,1.000000,0.769431,0.886670,1.000000,0.778787,0.882353,0
0.125000,0.750000,0.250000,0.250000,0.659591,1.000000,1.000000,0.044615,0.000000,0.043873,0.044275,0.000000,0.026761,0.333333,1.000000,0.333333,0.000000,0.666667,0.750000,0.666667,0.500000,1.000000,1.000000,0.000000,0.000000,0.000000,0.000000,0.000000,0.000000,0.666667,0.333333,0.797656,0.792737,0.008704,0.036691,0.000000,0.020620,0.000000,0.000000,1.000000,1.000000,0.769431,0.886670,0.015392,0.011987,0.955882,0
0.125000,0.750000,0.250000,0.250000,0.748810,0.830189,0.808511,0.153846,0.015385,0.158850,0.141985,0.066667,0.288169,0.666667,1.000000,0.666667,0.183818,1.000000,0.750000,1.000000,0.500000,1.000000,1.000000,0.000000,0.666667,0.000000,0.000000,0.000000,0.000000,0.333333,0.666667,0.886182,0.960891,0.479396,0.000000,0.000000,0.064024,0.703308,0.114139,0.916667,1.000000,0.769431,0.886670,0.500243,0.352612,0.882353,0
0.250000,0.000000,0.250000,0.000000,0.816155,0.716981,0.680851,0.044615,0.000000,0.043873,0.031450,0.046667,0.052113,0.333333,1.000000,0.333333,0.000000,0.333333,0.750000,0.666667,0.250000,0.666667,0.000000,1.000000,0.000000,0.333333,0.000000,0.000000,0.666667,0.000000,0.666667,0.948561,0.968629,0.059641,0.000000,0.000000,0.000000,0.049253,0.062988,0.916667,0.760000,0.769431,0.886670,0.041496,0.032317,0.882353,0
0.625000,0.000000,0.250000,0.000000,0.686421,0.943396,0.936170,0.033846,0.000000,0.033283,0.033588,0.000000,0.064789,0.666667,1.000000,0.666667,0.000000,1.000000,0.750000,0.666667,0.500000,0.666667,1.000000,0.666667,0.000000,0.000000,0.000000,0.000000,0.000000,0.000000,0.500000,0.846862,0.856740,0.034385,0.000000,0.060136,0.081251,0.000000,0.000000,0.916667,0.850000,0.769431,0.886670,0.042638,0.033206,0.882353,0
0.125000,1.000000,0.250000,0.250000,0.742194,0.849057,0.829787,0.100000,0.000000,0.098336,0.099237,0.000000,0.088732,0.666667,1.000000,0.333333,0.044868,0.666667,0.750000,1.000000,0.500000,1.000000,1.000000,0.000000,0.000000,0.000000,0.000000,0.000000,0.000000,0.000000,0.833333,0.882844,0.937183,0.169189,0.000000,0.035788,0.045567,0.264408,0.000000,0.833333,1.000000,0.769431,0.886670,0.178861,0.139295,0.882353,0
0.125000,0.500000,0.250000,0.500000,0.770883,0.792453,0.765957,0.000000,0.000000,0.000000,0.000000,0.000000,0.066197,0.666667,1.000000,0.333333,0.037886,1.000000,0.250000,0.666667,0.500000,1.000000,1.000000,0.000000,0.333333,0.000000,0.000000,0.000000,0.666667,0.000000,0.333333,0.947833,0.979086,0.165937,0.000000,0.000000,0.000000,0.153817,0.156388,0.916667,0.760000,0.769431,0.886670,0.127058,0.098951,0.882353,0
0.125000,0.500000,0.250000,0.250000,0.662265,1.000000,1.000000,0.023077,0.000000,0.022693,0.022901,0.000000,0.092958,0.333333,1.000000,0.333333,0.029326,0.666667,0.250000,1.000000,0.500000,1.000000,1.000000,0.333333,0.000000,0.000000,0.000000,0.000000,0.000000,0.666667,0.500000,0.836424,0.873823,0.180224,0.000000,0.299798,0.429009,0.000000,0.000000,0.916667,0.850000,0.769431,0.886670,0.221814,0.172746,0.882353,0
0.125000,0.250000,0.250000,0.250000,0.774205,0.792453,0.765957,0.100000,0.000000,0.098336,0.080916,0.066667,0.064789,0.333333,1.000000,0.333333,0.000000,1.000000,0.750000,0.333333,0.250000,0.666667,0.000000,1.000000,0.333333,0.000000,0.666667,0.000000,0.000000,0.000000,0.666667,0.902391,0.903043,0.028723,0.000000,0.000000,0.000000,0.050716,0.000000,0.916667,0.760000,0.769431,0.886670,0.021967,0.017107,0.882353,0
0.625000,0.000000,0.250000,0.000000,0.674737,0.962264,0.957447,0.058462,0.000000,0.057489,0.047023,0.040000,0.074648,0.333333,1.000000,0.666667,0.005279,0.333333,0.500000,0.666667,0.500000,1.000000,1.000000,0.000000,0.000000,0.000000,0.000000,0.000000,0.000000,0.000000,0.500000,0.804331,0.860498,0.126080,0.048921,0.257263,0.286370,0.000000,0.000000,0.916667,0.850000,0.769431,0.886670,0.162768,0.126761,0.882353,0
0.125000,0.000000,0.250000,0.250000,0.724683,0.886792,0.872340,0.009231,0.000000,0.009077,0.000000,0.033333,0.225352,0.666667,1.000000,0.333333,0.000000,1.000000,0.750000,1.000000,0.500000,0.666667,1.000000,0.333333,0.000000,0.000000,0.000000,0.000000,0.000000,0.666667,0.500000,0.845482,0.859880,0.059847,0.268345,0.689100,0.000000,0.000000,0.000000,0.916667,0.850000,0.769431,0.886670,0.072739,0.056649,0.882353,0
0.125000,0.750000,0.000000,0.000000,0.730623,0.867925,0.851064,0.061538,0.000000,0.060514,0.061069,0.000000,0.003380,0.333333,1.000000,0.333333,0.039422,0.666667,0.750000,0.666667,0.500000,0.666667,1.000000,0.333333,0.000000,0.000000,0.000000,0.000000,0.000000,0.666667,0.666667,0.896344,0.893451,0.024642,0.000000,0.000000,0.000000,0.043509,0.000000,0.916667,0.760000,0.769431,0.886670,0.016076,0.012520,0.882353,0
0.125000,0.250000,0.250000,0.250000,0.768743,0.792453,0.765957,0.020000,0.000000,0.019667,0.018015,0.006667,0.000000,0.333333,1.000000,0.333333,0.000000,1.000000,0.750000,0.333333,0.500000,1.000000,1.000000,0.666667,0.000000,0.000000,0.333333,0.000000,0.000000,0.000000,0.333333,0.927107,0.950360,0.062791,0.000000,0.000000,0.000000,0.110867,0.000000,0.916667,1.000000,0.769431,0.886670,0.064014,0.049853,0.882353,0
0.500000,0.750000,0.250000,0.250000,0.744024,0.849057,0.829787,0.042917,0.009231,0.046741,0.038925,0.030000,0.047887,0.666667,1.000000,0.333333,0.000000,0.666667,0.750000,0.666667,1.000000,1.000000,1.000000,0.333333,0.666667,0.000000,0.000000,0.000000,0.000000,0.000000,0.500000,0.937119,0.939062,0.034778,0.000000,0.000000,0.000000,0.061406,0.000000,0.916667,1.000000,0.769431,0.886670,0.037408,0.029133,0.882353,0
0.125000,0.000000,0.250000,0.250000,0.793012,0.754717,0.723404,0.076923,0.000000,0.075643,0.076336,0.000000,0.066197,0.333333,1.000000,0.333333,0.000000,0.666667,0.750000,1.000000,1.000000,0.333333,0.000000,1.000000,0.666667,0.000000,0.000000,0.000000,0.333333,0.000000,0.500000,0.928312,0.930830,0.036857,0.000000,0.000000,0.000000,0.065076,0.000000,0.916667,1.000000,0.769431,0.886670,0.032318,0.025169,0.882353,0
0.125000,0.250000,0.500000,0.500000,0.681269,0.962264,0.957447,0.073335,0.000000,0.072115,0.059035,0.050000,0.147887,0.333333,1.000000,0.333333,0.005337,0.666667,0.750000,0.666667,0.250000,0.666667,0.000000,1.000000,0.000000,0.000000,0.000000,0.333333,0.000000,0.666667,0.500000,0.795022,0.818175,0.051571,0.128058,0.069816,0.115373,0.000000,0.000000,0.916667,0.850000,0.769431,0.886670,0.075276,0.058624,0.882353,0
0.125000,0.500000,0.250000,0.250000,0.693263,0.943396,0.936170,0.092308,0.000000,0.090772,0.073282,0.066667,0.222535,1.000000,1.000000,0.666667,0.167155,1.000000,0.750000,1.000000,0.500000,0.666667,0.000000,0.333333,1.000000,0.000000,0.000000,0.666667,0.000000,0.000000,0.500000,0.878980,0.921461,0.323528,0.000000,0.000000,0.194472,0.444975,0.000000,0.916667,0.760000,0.769431,0.886670,0.290464,1.000000,0.882353,0
0.125000,0.500000,0.250000,0.250000,0.689265,0.943396,0.936170,0.019231,0.000000,0.018911,0.017252,0.006667,0.035211,0.333333,1.000000,0.333333,0.000000,1.000000,0.250000,1.000000,0.250000,0.666667,0.000000,1.000000,0.666667,0.000000,0.000000,0.000000,0.333333,0.000000,0.500000,0.797606,0.864972,0.143738,0.000000,0.000000,0.302606,0.057320,0.000000,0.916667,0.760000,0.769431,0.886670,0.097780,0.079957,0.882353,0
0.250000,0.000000,0.250000,0.000000,0.787128,0.773585,0.744681,0.046154,0.018462,0.054463,0.040305,0.053333,0.001408,0.333333,1.000000,0.333333,0.000000,0.333333,0.750000,0.666667,0.500000,0.666667,1.000000,0.000000,0.000000,0.000000,0.000000,0.000000,0.000000,0.000000,0.500000,0.962939,0.963363,0.027457,0.000000,0.000000,0.000000,0.005888,0.047861,0.916667,0.760000,0.769431,0.886670,0.020153,0.015695,0.882353,0
0.125000,0.000000,0.250000,0.250000,0.677412,0.962264,0.957447,0.002308,0.000000,0.002269,0.002290,0.000000,0.098592,0.333333,1.000000,0.333333,0.000000,0.666667,0.250000,1.000000,0.500000,0.666667,0.000000,0.000000,0.000000,0.000000,0.000000,0.000000,0.000000,0.000000,0.500000,0.765689,0.875850,0.221629,0.479137,0.313292,0.499038,0.000000,0.000000,0.916667,0.850000,0.769431,0.886670,0.262609,0.204516,0.882353,0
0.125000,0.750000,0.250000,0.250000,0.677356,0.962264,0.957447,0.307692,0.000000,0.302572,0.305344,0.000000,1.000000,0.666667,1.000000,0.666667,0.077713,0.666667,0.750000,0.666667,0.500000,0.666667,0.666667,1.000000,0.000000,0.000000,0.000000,0.000000,0.000000,0.000000,0.500000,0.892053,0.878891,0.377429,0.000000,0.000000,1.000000,0.005599,0.012974,0.916667,0.760000,0.769431,0.886670,0.359289,0.279810,0.882353,0
0.125000,0.000000,1.000000,0.000000,0.672992,0.981132,0.978723,0.027438,0.000000,0.026982,0.027229,0.000000,0.000000,0.333333,1.000000,0.333333,0.000000,1.000000,0.750000,1.000000,1.000000,0.666667,0.000000,0.000000,0.000000,0.000000,0.000000,0.000000,0.000000,0.000000,0.500000,0.889168,0.886381,0.017435,0.000000,0.007040,0.010745,0.022877,0.000000,0.916667,0.850000,0.769431,0.886670,0.017889,0.013932,0.882353,0
0.500000,0.000000,0.250000,0.000000,0.990146,0.396226,0.319149,0.064615,0.000000,0.063540,0.054962,0.033333,0.000000,0.333333,1.000000,0.333333,0.074956,0.333333,0.750000,0.666667,0.250000,0.666667,0.000000,0.666667,0.000000,1.000000,0.000000,0.000000,0.000000,0.000000,0.833333,0.916593,0.916121,0.027976,0.000000,0.000000,0.000000,0.049396,0.000000,0.916667,0.760000,0.769431,0.886670,0.026133,0.020352,0.882353,1
0.125000,0.000000,0.250000,0.250000,0.670233,0.981132,0.978723,0.123077,0.000000,0.121029,0.098321,0.086667,0.104225,0.333333,1.000000,0.333333,0.139217,0.666667,0.250000,1.000000,0.500000,0.666667,1.000000,0.666667,0.000000,0.000000,0.000000,0.333333,0.000000,0.000000,0.500000,0.813816,0.865096,0.158971,0.000000,0.000000,0.356664,0.049118,0.000000,0.916667,0.760000,0.769431,0.886670,0.127454,0.099259,0.882353,0
0.875000,0.000000,0.250000,0.000000,0.759256,0.811321,0.787234,0.067692,0.000000,0.066566,0.048855,0.066667,0.037465,0.333333,1.000000,0.666667,0.000000,0.333333,0.750000,1.000000,0.250000,0.666667,0.000000,0.666667,1.000000,0.000000,0.000000,0.000000,0.000000,0.000000,0.500000,0.883572,0.947640,0.247624,0.000000,0.036081,0.055468,0.396430,0.000000,0.916667,1.000000,0.769431,0.886670,0.222047,0.201161,0.882353,0
1.000000,0.000000,0.250000,0.250000,0.699231,0.924528,0.914894,0.000000,0.000000,0.000000,0.000000,0.000000,0.309859,0.333333,1.000000,0.666667,0.035191,0.333333,0.250000,0.333333,0.250000,0.333333,0.000000,0.666667,0.333333,0.000000,1.000000,0.000000,0.000000,0.000000,0.666667,0.910070,0.947368,0.208162,0.000000,0.000000,0.000000,0.367543,0.000000,0.916667,0.760000,0.769431,0.886670,0.181157,0.141083,0.882353,0
0.375000,0.500000,0.250000,0.250000,0.756750,0.811321,0.787234,0.000000,0.000000,0.000000,0.000000,0.000000,0.098592,1.000000,1.000000,0.666667,0.000000,0.666667,1.000000,0.666667,0.250000,0.333333,0.000000,0.000000,0.000000,0.000000,0.000000,0.000000,1.000000,0.000000,0.833333,0.901187,0.948209,0.149843,0.000000,0.000000,0.000000,0.264572,0.000000,0.916667,0.760000,0.769431,0.886670,0.117372,0.009143,0.882353,0
0.250000,0.000000,0.250000,0.000000,0.736930,0.849057,0.829787,0.084615,0.023077,0.094554,0.095420,0.000000,0.070423,0.666667,1.000000,1.000000,0.035191,0.333333,0.750000,0.666667,0.500000,0.666667,0.666667,1.000000,0.000000,0.000000,0.000000,0.000000,0.333333,0.000000,0.500000,0.926430,0.993251,0.288226,0.000000,0.000000,0.000000,0.245683,0.295791,0.916667,1.000000,0.769431,0.886670,0.295666,0.230261,0.882353,0
0.125000,0.500000,0.250000,0.250000,0.773361,0.792453,0.765957,0.066923,0.000000,0.065809,0.038931,0.100000,0.091549,0.333333,1.000000,0.333333,0.000000,0.666667,0.250000,0.333333,0.500000,1.000000,1.000000,0.000000,0.000000,0.000000,0.000000,0.000000,0.000000,0.666667,0.500000,0.953454,0.967640,0.152413,0.000000,0.000000,0.000000,0.105624,0.183711,0.916667,1.000000,0.769431,0.886670,0.141650,0.110315,0.882353,0
0.125000,0.750000,0.250000,0.250000,0.718573,0.886792,0.872340,0.100000,0.000000,0.098336,0.099237,0.000000,0.078873,0.333333,1.000000,1.000000,0.000000,0.666667,0.500000,0.666667,0.500000,0.666667,1.000000,0.000000,0.000000,0.000000,0.000000,0.000000,0.000000,0.666667,0.500000,0.829448,0.905960,0.341102,0.000000,0.000000,0.586872,0.221233,0.000000,0.916667,1.000000,0.769431,0.886670,0.423835,0.330077,0.882353,0
0.125000,0.000000,0.250000,0.000000,0.743011,0.849057,0.829787,0.215385,0.000000,0.211800,0.213740,0.000000,0.059155,0.666667,1.000000,0.333333,0.000000,0.666667,0.750000,0.666667,0.500000,1.000000,1.000000,0.000000,0.000000,0.000000,0.000000,0.000000,0.000000,0.666667,0.500000,0.845507,0.907468,0.191253,0.000000,0.000000,0.268147,0.112450,0.057465,0.916667,0.760000,0.769431,0.886670,0.131686,0.102556,0.882353,0
0.125000,0.000000,0.250000,0.500000,0.803908,0.735849,0.702128,0.076923,0.000000,0.075643,0.067176,0.033333,0.071831,0.333333,1.000000,0.333333,0.061270,1.000000,0.750000,1.000000,0.500000,0.666667,1.000000,0.000000,0.000000,0.000000,0.666667,0.000000,0.000000,0.333333,0.333333,0.949414,0.959210,0.031982,0.000000,0.000000,0.000000,0.008374,0.054046,0.916667,1.000000,0.769431,0.886670,0.063624,0.049549,0.882353,0
0.125000,0.500000,0.250000,0.250000,0.725471,0.886792,0.872340,0.033846,0.020000,0.043116,0.043511,0.000000,0.091549,0.333333,1.000000,0.333333,0.167155,1.000000,0.750000,0.666667,0.500000,0.666667,1.000000,0.000000,0.000000,0.000000,0.666667,0.000000,0.000000,0.333333,0.333333,0.858078,0.877284,0.058604,0.000000,0.119701,0.134975,0.000000,0.000000,0.916667,0.850000,0.769431,0.886670,0.069413,0.054058,0.882353,0
0.125000,0.000000,0.250000,0.250000,0.751710,0.830189,0.808511,0.022308,0.000000,0.021936,0.012977,0.033333,0.085634,0.666667,1.000000,0.333333,0.000000,1.000000,0.750000,0.333333,0.250000,0.333333,0.000000,0.666667,0.000000,1.000000,0.000000,0.000000,0.333333,0.000000,0.500000,0.914988,0.924872,0.061722,0.000000,0.000000,0.000000,0.091121,0.020068,0.916667,0.760000,0.769431,0.886670,0.040311,0.031393,0.882353,0
0.125000,0.750000,0.250000,0.250000,0.738225,0.849057,0.829787,0.058462,0.040000,0.077156,0.077863,0.000000,0.000000,0.666667,1.000000,0.666667,0.057619,1.000000,0.750000,0.333333,0.500000,0.666667,0.000000,1.000000,0.666667,0.000000,0.333333,0.000000,0.000000,0.000000,0.166667,0.898903,0.967640,0.264502,0.000000,0.000000,0.000000,0.369229,0.109890,0.916667,1.000000,0.769431,0.886670,0.270035,0.210300,0.882353,0
0.125000,0.500000,0.250000,0.250000,0.725358,0.886792,0.872340,0.013685,0.000000,0.013457,0.004420,0.033333,0.042254,0.333333,1.000000,0.333333,0.000000,0.666667,0.750000,0.333333,0.500000,0.666667,0.000000,0.666667,1.000000,0.000000,0.000000,0.000000,0.000000,0.000000,0.333333,0.847013,0.866456,0.047149,0.000000,0.092697,0.109328,0.000000,0.000000,0.916667,0.850000,0.769431,0.886670,0.057024,0.044410,0.882353,0
0.125000,0.250000,0.500000,0.250000,0.687548,0.943396,0.936170,0.004235,0.000000,0.004165,0.004203,0.000000,0.050704,0.333333,1.000000,0.666667,0.000000,1.000000,0.750000,0.333333,0.500000,1.000000,1.000000,0.333333,0.666667,0.000000,0.000000,0.000000,0.000000,0.000000,0.500000,0.824179,0.856073,0.077122,0.000000,0.153126,0.178521,0.000000,0.000000,0.916667,0.850000,0.769431,0.886670,0.098212,0.076486,0.882353,0
0.125000,0.000000,0.500000,0.250000,0.696726,0.924528,0.914894,0.053846,0.000000,0.052950,0.052519,0.003333,0.047887,0.333333,1.000000,0.333333,0.145331,0.666667,0.750000,1.000000,0.250000,0.666667,0.000000,1.000000,0.666667,0.000000,0.000000,0.000000,0.333333,0.000000,0.500000,0.804256,0.820227,0.036484,0.000000,0.000000,0.099218,0.000000,0.000000,0.916667,0.760000,0.769431,0.886670,0.032162,0.025047,0.882353,0
0.250000,0.000000,0.250000,0.250000,0.748163,0.830189,0.808511,0.000000,0.000000,0.000000,0.000000,0.000000,0.000000,1.000000,1.000000,0.666667,0.000000,0.333333,0.750000,0.666667,0.250000,0.666667,0.000000,0.000000,0.000000,0.000000,0.000000,0.000000,1.000000,0.000000,0.833333,0.904449,0.960891,0.336659,0.000000,0.000000,0.000000,0.505807,0.099581,0.916667,0.760000,0.769431,0.886670,0.271386,0.211352,0.882353,0
0.375000,0.500000,0.250000,0.250000,0.715983,0.886792,0.872340,0.023846,0.001231,0.024054,0.023908,0.001333,0.000000,0.666667,1.000000,0.666667,0.009844,0.666667,0.750000,0.333333,0.500000,1.000000,1.000000,0.666667,0.000000,0.000000,0.333333,0.000000,0.000000,0.000000,0.333333,0.833312,0.872166,0.081402,0.000000,0.173367,0.186035,0.000000,0.000000,0.916667,0.850000,0.769431,0.886670,0.098524,0.076729,0.882353,0
0.125000,0.250000,0.250000,0.250000,0.771052,0.792453,0.765957,0.000000,0.000000,0.000000,0.000000,0.000000,0.053479,0.666667,1.000000,0.333333,0.019686,1.000000,0.500000,1.000000,0.250000,0.333333,0.000000,0.000000,0.000000,0.000000,0.000000,0.333333,0.666667,1.000000,0.666667,1.000000,0.986477,0.130172,0.000000,0.000000,0.000000,0.051903,0.199950,0.916667,1.000000,0.769431,0.886670,0.122171,0.095145,0.882353,1
0.125000,0.500000,0.250000,0.250000,0.673865,0.981132,0.978723,0.069231,0.000000,0.068079,0.068702,0.000000,0.183099,0.666667,1.000000,0.666667,0.000000,0.666667,0.750000,0.666667,0.250000,0.666667,0.000000,0.000000,0.000000,0.000000,0.000000,1.000000,0.333333,0.666667,0.666667,0.841141,0.919013,0.571644,0.000000,0.000000,0.852242,0.455995,0.000000,0.916667,0.760000,0.769431,0.886670,0.550621,0.044980,0.882353,0
0.125000,0.250000,0.250000,0.250000,0.809313,0.716981,0.680851,0.075385,0.000000,0.074130,0.065649,0.033333,0.052113,0.333333,1.000000,0.333333,0.000000,0.666667,0.750000,0.333333,1.000000,0.333333,0.000000,0.666667,0.000000,1.000000,0.000000,0.333333,0.000000,0.000000,0.500000,0.913758,0.887370,0.004981,0.000000,0.000000,0.000000,0.008795,0.000000,0.916667,0.760000,0.769431,0.886670,0.003479,0.002709,0.882353,0
0.125000,0.250000,0.250000,0.250000,0.683353,0.962264,0.957447,0.069231,0.030769,0.083207,0.047328,0.133333,0.078028,0.333333,1.000000,0.333333,0.029326,0.666667,0.250000,1.000000,0.500000,0.666667,1.000000,0.666667,0.333333,0.000000,0.000000,0.000000,0.000000,0.000000,0.500000,0.825408,0.846555,0.053745,0.000000,0.092697,0.127265,0.000000,0.000000,0.916667,0.850000,0.769431,0.886670,0.068950,0.053697,0.882353,0
0.125000,0.000000,0.250000,0.250000,0.706242,0.905660,0.893617,0.076923,0.000000,0.075643,0.071756,0.016667,0.000000,0.333333,1.000000,0.333333,0.051484,1.000000,1.000000,1.000000,0.500000,0.666667,1.000000,0.000000,0.000000,0.000000,0.000000,0.000000,0.000000,0.666667,0.500000,0.812737,0.819584,0.019101,0.000000,0.000000,0.000000,0.000000,0.037898,0.916667,0.760000,0.769431,0.886670,0.016407,0.012778,0.882353,0
0.250000,0.000000,0.250000,0.000000,0.698218,0.924528,0.914894,0.083077,0.000000,0.081694,0.027481,0.200000,0.043662,0.333333,1.000000,0.666667,0.020009,0.333333,0.750000,1.000000,0.500000,1.000000,1.000000,0.666667,0.000000,0.000000,0.000000,0.000000,0.000000,0.000000,0.666667,0.893910,0.932560,0.174887,0.000000,0.000000,0.000000,0.266825,0.047156,0.916667,0.760000,0.769431,0.886670,0.132770,0.103399,0.882353,0
0.875000,0.500000,0.250000,0.250000,0.664940,0.981132,0.978723,0.026154,0.000000,0.025719,0.025954,0.000000,0.028169,0.333333,1.000000,1.000000,0.075991,1.000000,1.000000,0.333333,0.500000,0.666667,1.000000,0.333333,0.000000,0.000000,0.000000,0.000000,0.000000,0.666667,0.500000,0.738991,0.940521,0.582400,1.000000,0.524500,0.907844,0.315519,0.000000,0.916667,1.000000,0.769431,0.886670,0.762085,0.593502,0.882353,0
0.250000,0.000000,0.250000,0.000000,0.700921,0.924528,0.914894,0.150769,0.000000,0.148260,0.118473,0.113333,0.169014,0.333333,1.000000,0.666667,0.304847,0.333333,0.500000,1.000000,0.750000,1.000000,1.000000,0.666667,0.000000,0.000000,0.000000,0.333333,0.000000,0.000000,0.666667,0.862143,0.855727,0.029362,0.000000,0.059842,0.067652,0.000000,0.000000,0.916667,0.850000,0.769431,0.886670,0.036369,0.028324,0.882353,0
0.125000,0.500000,0.250000,0.250000,0.721332,0.886792,0.872340,0.012942,0.000000,0.012726,0.012843,0.000000,0.023099,0.333333,1.000000,0.333333,0.024927,1.000000,0.750000,0.666667,0.500000,1.000000,1.000000,0.666667,0.333333,0.000000,0.000000,0.000000,0.000000,0.000000,0.333333,0.844905,0.860572,0.038529,0.000000,0.066589,0.091205,0.000000,0.000000,0.916667,0.850000,0.769431,0.886670,0.043573,0.033935,0.882353,0
0.125000,0.000000,0.250000,0.250000,0.746952,0.830189,0.808511,0.069231,0.000000,0.068079,0.061374,0.026667,0.076901,1.000000,1.000000,0.333333,0.002094,1.000000,0.750000,0.666667,0.250000,0.333333,0.000000,0.333333,0.666667,0.000000,0.000000,1.000000,0.000000,0.000000,0.500000,0.909618,0.937554,0.108074,0.000000,0.000000,0.000000,0.190822,0.000000,0.916667,1.000000,0.769431,0.886670,0.114067,0.088834,0.882353,1
0.125000,0.750000,0.250000,0.250000,0.692137,0.943396,0.936170,0.080000,0.000000,0.078669,0.064733,0.053333,0.010141,0.666667,1.000000,0.666667,0.000000,0.666667,0.750000,0.333333,0.500000,0.333333,0.000000,0.000000,0.000000,0.000000,1.000000,0.666667,0.000000,0.333333,0.833333,0.962588,0.969939,0.063710,0.000000,0.000000,0.000000,0.011079,0.113958,0.916667,0.760000,0.769431,0.886670,0.058036,0.045198,0.882353,0
0.125000,0.500000,0.250000,0.250000,0.796447,0.754717,0.723404,0.058462,0.000000,0.057489,0.045191,0.046667,0.019296,0.333333,1.000000,0.333333,0.000000,1.000000,0.750000,1.000000,0.250000,0.666667,0.000000,0.666667,0.000000,0.000000,0.000000,0.000000,1.000000,0.000000,0.666667,0.907610,0.921040,0.053552,0.000000,0.000000,0.000000,0.094554,0.000000,0.916667,1.000000,0.769431,0.886670,0.048484,0.037758,0.882353,0
0.125000,0.250000,0.250000,0.250000,0.774431,0.792453,0.765957,0.049231,0.000000,0.048411,0.047023,0.006667,0.036620,0.666667,1.000000,0.333333,0.071848,0.666667,0.750000,1.000000,0.250000,0.333333,0.333333,0.000000,0.000000,0.000000,0.000000,0.000000,0.666667,1.000000,0.833333,0.936090,0.936046,0.028604,0.000000,0.000000,0.000000,0.050505,0.000000,0.916667,1.000000,0.769431,0.878854,0.028697,0.022349,0.882353,0
0.125000,0.000000,0.250000,0.250000,0.696022,0.924528,0.914894,0.224615,0.000000,0.220877,0.177099,0.166667,0.078873,0.666667,1.000000,0.333333,0.566475,0.666667,0.750000,0.333333,0.250000,0.666667,0.000000,1.000000,0.000000,0.000000,0.666667,0.000000,0.333333,0.000000,0.500000,0.865982,0.868359,0.055861,0.000000,0.076856,0.136248,0.000000,0.000000,0.916667,0.850000,0.769431,0.886670,0.063422,0.049392,0.882353,0
0.250000,0.000000,0.250000,0.000000,0.690391,0.943396,0.936170,0.064615,0.000000,0.063540,0.049466,0.053333,0.029577,0.333333,1.000000,0.333333,0.064416,1.000000,0.750000,0.666667,0.250000,0.666667,0.000000,0.000000,1.000000,0.000000,0.000000,0.000000,0.666667,0.000000,0.666667,0.857200,0.856444,0.023404,0.000000,0.000000,0.063645,0.000000,0.000000,0.916667,0.760000,0.769431,0.886670,0.021974,0.017113,0.882353,0
0.125000,0.500000,0.250000,0.250000,0.721755,0.886792,0.872340,0.184615,0.000000,0.181543,0.146565,0.133333,0.126761,1.000000,1.000000,0.333333,0.102639,0.666667,0.750000,0.333333,0.250000,0.333333,0.000000,0.666667,0.000000,0.000000,0.333333,0.000000,1.000000,0.000000,0.833333,0.939402,0.933772,0.116547,0.000000,0.000000,0.000000,0.205781,0.000000,0.916667,0.760000,0.769431,0.886670,0.100181,0.078020,0.882353,0
0.125000,0.500000,0.250000,0.250000,0.717813,0.886792,0.872340,0.156923,0.062769,0.185174,0.168550,0.066667,0.084507,0.333333,1.000000,0.666667,0.000000,0.666667,0.750000,0.666667,0.250000,0.666667,0.000000,0.666667,0.333333,0.000000,0.000000,0.000000,0.000000,1.000000,0.666667,0.924924,0.954538,0.256451,0.000000,0.000000,0.000000,0.410160,0.047919,0.916667,1.000000,0.769431,0.886670,0.287435,0.223851,0.882353,0
0.250000,0.000000,0.250000,0.000000,0.682198,0.962264,0.957447,0.078462,0.000000,0.077156,0.077863,0.000000,0.034366,0.333333,1.000000,0.333333,0.000000,0.666667,1.000000,0.666667,0.500000,1.000000,1.000000,0.000000,0.000000,0.000000,0.000000,0.000000,0.000000,0.000000,0.500000,0.874313,0.912042,0.152622,0.000000,0.000000,0.138148,0.179782,0.000000,0.916667,0.760000,0.769431,0.886670,0.136060,0.111040,0.882353,0
0.125000,0.000000,0.250000,0.250000,0.675554,0.962264,0.957447,0.269231,1.000000,0.756430,0.690076,0.266667,0.197183,0.666667,1.000000,0.666667,1.000000,0.666667,0.750000,0.333333,1.000000,0.666667,0.000000,0.666667,0.333333,0.000000,0.000000,0.000000,1.000000,0.000000,0.666667,0.885529,0.884947,0.072057,0.000000,0.000000,0.091005,0.068141,0.000000,0.916667,0.760000,0.769431,0.886670,0.067380,0.052475,0.882353,0
0.125000,0.250000,0.250000,0.250000,0.711478,0.905660,0.893617,0.040000,0.000000,0.039334,0.036031,0.013333,0.122535,0.333333,1.000000,0.333333,0.111437,0.666667,0.750000,0.666667,0.500000,1.000000,1.000000,0.000000,0.000000,0.000000,0.000000,0.000000,0.000000,0.666667,0.333333,0.835596,0.883958,0.135797,0.000000,0.000000,0.264838,0.017855,0.056148,0.916667,0.760000,0.769431,0.886670,0.093917,0.073141,0.882353,0
0.125000,0.500000,0.250000,0.250000,0.674766,0.962264,0.957447,0.200000,0.000000,0.196672,0.170992,0.100000,0.000000,0.666667,1.000000,0.333333,0.894428,0.666667,0.750000,1.000000,0.500000,1.000000,1.000000,0.333333,0.000000,0.000000,0.000000,0.000000,0.000000,0.666667,0.666667,0.847013,0.871499,0.135848,0.000000,0.000000,0.369434,0.000000,0.000000,0.916667,0.760000,0.769431,0.886670,0.127091,0.098977,0.882353,0
0.125000,0.000000,0.250000,0.500000,0.681072,0.962264,0.957447,0.115385,0.338462,0.279879,0.282443,0.000000,0.277465,0.666667,1.000000,0.333333,0.241340,1.000000,1.000000,1.000000,0.500000,0.666667,0.000000,0.000000,0.000000,0.000000,0.000000,0.000000,1.000000,0.000000,0.666667,0.867965,0.887914,0.197796,0.000000,0.000000,0.379286,0.102983,0.000000,0.916667,0.760000,0.769431,0.886670,0.187840,0.146288,0.882353,0
0.125000,0.000000,0.250000,0.250000,0.701596,0.924528,0.914894,0.039231,0.000000,0.038578,0.035267,0.013333,0.056338,0.666667,1.000000,1.000000,0.034408,0.333333,1.000000,1.000000,0.500000,0.666667,1.000000,0.666667,0.000000,0.000000,0.000000,0.000000,0.000000,0.333333,0.500000,0.808597,0.888680,0.140297,0.000000,0.000000,0.338284,0.028080,0.000000,0.916667,0.760000,0.769431,0.886670,0.124057,0.096614,0.882353,0
0.375000,1.000000,0.250000,0.250000,0.693741,0.943396,0.936170,0.055385,0.000000,0.054463,0.054962,0.000000,0.000000,0.333333,1.000000,0.666667,0.087977,1.000000,0.750000,1.000000,0.250000,0.666667,0.000000,1.000000,0.666667,0.000000,0.000000,0.000000,0.333333,0.000000,0.500000,0.884074,0.890683,0.051095,0.000000,0.035495,0.043058,0.057563,0.000000,0.916667,0.850000,0.769431,0.886670,0.050505,0.039333,0.882353,0
0.500000,0.500000,0.250000,0.000000,0.674906,0.962264,0.957447,0.094615,0.000000,0.093041,0.075573,0.066667,0.016901,0.333333,1.000000,1.000000,0.000000,0.666667,0.250000,0.666667,0.500000,1.000000,1.000000,0.000000,0.000000,0.000000,0.000000,0.333333,0.666667,0.000000,0.333333,0.784809,0.893179,0.199894,0.000000,0.000000,0.475945,0.043928,0.000000,0.916667,0.760000,0.769431,0.886670,0.184359,0.143576,0.882353,0
0.250000,0.000000,0.250000,0.000000,0.754019,0.830189,0.808511,0.092308,0.000000,0.090772,0.091603,0.000000,0.000000,0.333333,1.000000,1.000000,0.000000,0.333333,0.500000,0.666667,0.250000,0.666667,0.000000,0.666667,0.333333,1.000000,0.000000,0.000000,0.000000,0.000000,0.500000,0.863699,0.957924,0.224468,0.000000,0.000000,0.155849,0.267581,0.030974,0.916667,0.760000,0.769431,0.886670,0.043301,0.135296,0.882353,1
0.125000,0.500000,0.250000,0.250000,0.830457,0.679245,0.638298,0.057692,0.000000,0.056732,0.053588,0.013333,0.091549,0.666667,1.000000,0.666667,0.064009,0.666667,1.000000,0.333333,0.250000,0.666667,0.333333,0.666667,0.000000,0.000000,0.000000,0.000000,0.000000,1.000000,0.500000,0.923444,0.939186,0.087910,0.000000,0.000000,0.000000,0.155219,0.000000,0.916667,0.760000,0.769431,0.886670,0.058417,0.045495,0.882353,1
0.125000,0.500000,0.250000,0.250000,0.718207,0.886792,0.872340,0.125385,0.092308,0.168684,0.096947,0.266667,0.164507,0.666667,1.000000,0.666667,0.312607,0.666667,0.250000,0.333333,0.250000,0.666667,0.333333,0.666667,1.000000,0.000000,0.000000,0.000000,0.000000,0.000000,0.666667,0.849647,0.890163,0.148630,0.000000,0.000000,0.313450,0.058918,0.000000,0.916667,0.760000,0.769431,0.886670,0.122846,0.095671,0.882353,1
0.125000,0.250000,0.250000,0.500000,0.690644,0.943396,0.936170,0.100000,0.000000,0.098336,0.067176,0.116667,0.056338,0.333333,1.000000,0.333333,0.000000,0.666667,0.750000,0.333333,0.250000,0.666667,0.000000,0.000000,0.666667,1.000000,0.000000,0.000000,0.333333,0.000000,0.500000,0.830050,0.847964,0.080537,0.000000,0.000000,0.219017,0.000000,0.000000,0.916667,0.760000,0.769431,0.886670,0.073154,0.056972,0.882353,1
0.125000,0.250000,0.250000,0.250000,0.809707,0.716981,0.680851,0.123077,0.006154,0.124054,0.070229,0.200000,0.019155,0.666667,1.000000,0.666667,0.007155,1.000000,0.750000,1.000000,0.250000,0.666667,0.000000,1.000000,0.000000,0.000000,0.000000,0.666667,0.333333,0.000000,0.666667,0.942037,0.964673,0.095931,0.000000,0.000000,0.000000,0.103645,0.073868,0.916667,0.760000,0.769431,0.886670,0.068111,0.053044,0.882353,1
0.250000,0.000000,0.250000,0.000000,0.735437,0.867925,0.829787,0.033077,0.000000,0.032526,0.023664,0.033333,0.047887,0.333333,1.000000,0.333333,0.077871,1.000000,0.750000,0.333333,0.250000,0.666667,0.000000,1.000000,0.666667,0.000000,0.000000,0.000000,0.333333,0.000000,0.500000,0.951948,0.989988,0.097680,0.000000,0.000000,0.000000,0.042492,0.146059,0.916667,0.760000,0.769431,0.886670,0.082311,0.064103,0.882353,1
0.125000,0.000000,0.250000,0.250000,0.697936,0.924528,0.914894,0.061538,0.000000,0.060514,0.046412,0.053333,0.591549,0.333333,1.000000,0.333333,0.117302,0.333333,0.750000,0.666667,0.500000,0.666667,0.333333,1.000000,0.000000,0.000000,0.000000,0.666667,0.000000,0.000000,0.500000,0.940632,0.969148,0.177869,0.000000,0.000000,0.000000,0.175878,0.155273,0.916667,0.760000,0.769431,0.886670,0.160876,0.125288,0.882353,1
0.125000,0.750000,0.250000,0.250000,0.723838,0.886792,0.872340,0.307692,0.000000,0.302572,0.250382,0.200000,0.212676,0.666667,1.000000,0.333333,0.000000,0.333333,0.750000,0.333333,0.250000,0.333333,0.000000,0.000000,0.000000,0.333333,0.000000,0.666667,1.000000,0.000000,0.500000,0.886408,0.891671,0.073748,0.000000,0.000000,0.053986,0.095162,0.000000,0.916667,0.760000,0.769431,0.886670,0.062520,0.048690,0.882353,1
0.250000,0.500000,0.250000,0.000000,0.793801,0.754717,0.723404,0.049231,0.000000,0.048411,0.030534,0.066667,0.000000,0.333333,1.000000,0.666667,0.000000,1.000000,0.750000,0.333333,0.250000,0.666667,0.000000,1.000000,0.000000,0.000000,0.000000,0.000000,0.000000,0.000000,0.666667,0.928337,0.978245,0.174575,0.000000,0.000000,0.000000,0.182911,0.140833,0.916667,1.000000,0.769431,0.886670,0.152326,0.118630,0.882353,1
0.125000,0.500000,0.250000,0.250000,0.684394,0.962264,0.936170,0.115385,0.000000,0.113464,0.110840,0.013333,0.129577,0.333333,1.000000,0.333333,0.057326,0.666667,0.750000,0.333333,0.500000,0.333333,0.000000,0.000000,0.000000,0.333333,0.000000,0.666667,1.000000,0.000000,0.666667,0.855795,0.855900,0.023280,0.000000,0.032268,0.056733,0.000000,0.000000,0.916667,0.850000,0.769431,0.886670,0.027517,0.021430,0.882353,1
0.625000,0.000000,0.500000,0.000000,0.729244,0.867925,0.851064,0.120769,0.000000,0.118759,0.092366,0.100000,0.061972,0.333333,1.000000,0.333333,0.000000,0.333333,0.750000,1.000000,0.250000,0.666667,0.000000,1.000000,0.000000,0.000000,0.000000,0.000000,0.000000,0.000000,0.666667,0.953278,0.964673,0.127350,0.000000,0.000000,0.000000,0.099669,0.140676,0.916667,0.760000,0.769431,0.886670,0.104947,0.081731,0.882353,1
0.125000,0.500000,0.250000,0.250000,0.782905,0.773585,0.744681,0.076923,0.000000,0.075643,0.076336,0.000000,0.009296,0.666667,1.000000,0.333333,0.000000,1.000000,0.750000,0.666667,0.750000,0.666667,0.000000,0.666667,0.000000,1.000000,0.000000,0.000000,0.333333,0.000000,0.500000,0.954031,0.996860,0.097784,0.000000,0.000000,0.024174,0.156957,0.000000,0.916667,0.760000,0.769431,0.886670,0.073458,0.057208,0.882353,1
0.125000,0.250000,0.250000,0.250000,0.734424,0.867925,0.851064,0.045846,0.000062,0.045113,0.036366,0.033333,0.116479,0.666667,1.000000,0.666667,0.097003,0.666667,0.250000,1.000000,0.500000,0.666667,1.000000,0.000000,0.000000,0.000000,0.333333,0.666667,0.000000,0.000000,0.666667,0.880385,0.948827,0.163623,0.000000,0.039602,0.048078,0.252445,0.000000,0.916667,1.000000,0.769431,0.886670,0.183524,0.142927,0.882353,1
0.250000,0.000000,0.250000,0.000000,0.743461,0.849057,0.829787,0.073338,0.000000,0.072118,0.054458,0.066667,0.053521,0.666667,1.000000,0.333333,0.000000,0.333333,0.750000,0.666667,0.250000,0.666667,0.000000,1.000000,0.000000,0.000000,0.000000,0.000000,0.666667,0.000000,0.500000,0.863925,0.877185,0.048452,0.000000,0.086537,0.114126,0.000000,0.000000,0.916667,0.850000,0.769431,0.886670,0.054943,0.042789,0.882353,1
0.250000,0.000000,0.250000,0.000000,0.800248,0.735849,0.702128,0.084615,0.000000,0.083207,0.056489,0.100000,0.045070,0.333333,1.000000,0.333333,0.042815,1.000000,0.750000,0.333333,0.750000,0.666667,0.000000,0.000000,0.000000,0.000000,0.000000,0.000000,0.000000,0.000000,0.666667,0.940983,0.968530,0.108750,0.000000,0.000000,0.000000,0.108368,0.093995,0.916667,1.000000,0.769431,0.886670,0.094541,0.073628,0.882353,1
0.125000,0.750000,0.250000,0.250000,0.726062,0.867925,0.851064,0.096923,0.098462,0.143722,0.099237,0.166667,0.090141,0.333333,1.000000,0.333333,0.000000,0.666667,0.750000,0.333333,0.500000,0.666667,0.000000,1.000000,0.666667,0.000000,0.333333,0.000000,0.000000,0.000000,0.500000,0.825408,0.864280,0.098384,0.000000,0.180994,0.230662,0.000000,0.000000,0.916667,0.850000,0.769431,0.886670,0.116246,0.090531,0.882353,1
0.125000,0.000000,0.250000,0.250000,0.709226,0.905660,0.893617,0.080000,0.000000,0.078669,0.070229,0.033333,0.009859,0.666667,1.000000,0.333333,0.539997,1.000000,0.750000,1.000000,0.750000,0.333333,0.000000,1.000000,0.000000,0.000000,0.000000,0.000000,0.000000,0.000000,0.666667,0.873535,0.893946,0.160919,0.000000,0.000000,0.237794,0.129735,0.000000,0.916667,0.850000,0.769431,0.886670,0.140631,0.109521,0.882353,1
0.125000,0.500000,0.250000,0.250000,0.730144,0.867925,0.851064,0.069231,0.000000,0.068079,0.057710,0.040000,0.019718,0.666667,1.000000,0.666667,0.063085,0.666667,0.250000,1.000000,0.250000,0.666667,0.000000,1.000000,0.000000,0.666667,0.000000,0.000000,0.333333,0.000000,0.833333,0.937169,0.955057,0.183281,0.000000,0.000000,0.000000,0.276771,0.052635,0.916667,1.000000,0.769431,0.886670,0.198767,0.154797,0.882353,1
0.125000,0.500000,0.250000,0.250000,0.755511,0.830189,0.808511,0.033846,0.000000,0.033283,0.028092,0.020000,0.118310,0.333333,1.000000,0.666667,0.018135,0.666667,0.750000,0.333333,0.500000,1.000000,1.000000,0.333333,0.000000,0.000000,0.000000,0.000000,0.000000,0.666667,0.500000,0.882493,0.879088,0.020085,0.000000,0.038428,0.038248,0.005545,0.000000,0.916667,0.850000,0.769431,0.886670,0.020798,0.016197,0.882353,1
0.125000,0.250000,0.250000,0.250000,0.693009,0.943396,0.936170,0.100000,0.000000,0.098336,0.097405,0.006667,0.034930,0.333333,1.000000,0.333333,0.000000,0.666667,0.750000,0.666667,0.250000,0.666667,0.000000,1.000000,0.000000,0.666667,0.000000,0.000000,0.333333,0.000000,0.500000,0.811005,0.843292,0.061121,0.000000,0.115871,0.142599,0.000000,0.000000,0.916667,0.850000,0.769431,0.886670,0.089306,0.069551,0.882353,1
0.125000,0.500000,0.250000,0.250000,0.690616,0.943396,0.936170,0.076923,0.000000,0.075643,0.039695,0.133333,0.085352,0.333333,1.000000,0.333333,0.040930,0.666667,0.750000,0.333333,0.250000,0.333333,0.000000,0.333333,0.000000,0.000000,0.666667,0.000000,1.000000,0.000000,0.833333,0.799764,0.850535,0.132898,0.089209,0.216195,0.309933,0.000000,0.000000,0.916667,0.850000,0.769431,0.886670,0.163950,0.127682,0.882353,1
0.500000,0.500000,0.250000,0.250000,0.789577,0.754717,0.723404,0.042308,0.000000,0.041604,0.041985,0.000000,0.000000,0.666667,1.000000,0.666667,0.000000,0.666667,0.750000,0.666667,0.250000,0.333333,0.000000,1.000000,0.000000,0.000000,0.000000,0.000000,0.666667,0.000000,1.000000,0.910371,0.936367,0.082736,0.000000,0.000000,0.000000,0.146083,0.000000,0.916667,1.000000,0.769431,0.886670,0.080522,0.062710,0.882353,1
0.250000,0.000000,0.250000,0.000000,0.762015,0.811321,0.787234,0.138462,0.000000,0.136157,0.073282,0.233333,0.064225,0.666667,1.000000,0.333333,0.028522,0.333333,0.750000,1.000000,0.250000,0.666667,0.000000,0.666667,0.000000,0.000000,0.000000,0.333333,1.000000,0.000000,0.666667,0.883773,0.870658,0.061082,0.000000,0.032561,0.037752,0.079030,0.000000,0.916667,1.000000,0.769431,0.886670,0.062163,0.048412,0.882353,1
0.125000,0.250000,0.250000,0.250000,0.675610,0.962264,0.957447,0.000000,0.000000,0.000000,0.000000,0.000000,0.127042,0.333333,1.000000,0.666667,0.000000,0.666667,0.250000,1.000000,0.250000,0.666667,0.000000,1.000000,0.000000,0.000000,0.000000,0.000000,0.666667,0.000000,0.500000,0.836825,0.888285,0.108913,0.000000,0.000000,0.249609,0.030241,0.000000,0.916667,0.760000,0.769431,0.886670,0.101071,0.078713,0.882353,1
0.125000,0.500000,0.250000,0.250000,0.791210,0.754717,0.723404,0.047692,0.000000,0.046899,0.038168,0.033333,0.071831,1.000000,1.000000,0.333333,0.000000,0.666667,0.750000,0.333333,0.500000,0.333333,0.000000,0.333333,0.000000,0.000000,0.000000,0.000000,1.000000,0.666667,0.833333,0.954157,0.993251,0.147896,0.000000,0.000000,0.079314,0.209638,0.000000,0.916667,1.000000,0.769431,0.886670,0.130955,0.101986,0.882353,1
0.125000,0.000000,0.250000,0.250000,0.681157,0.962264,0.957447,0.021154,0.000000,0.020802,0.020992,0.000000,0.009859,0.333333,1.000000,1.000000,0.000000,1.000000,0.750000,1.000000,0.250000,0.666667,0.000000,0.666667,0.333333,1.000000,0.000000,0.000000,0.000000,0.000000,0.333333,0.774521,0.903661,0.313430,0.517986,0.423589,0.547891,0.113678,0.000000,0.916667,1.000000,0.769431,0.886670,0.402460,0.313431,0.882353,1
0.875000,0.500000,0.250000,0.250000,0.753794,0.830189,0.808511,0.015385,0.000000,0.015129,0.009771,0.020000,0.025352,0.666667,1.000000,0.333333,0.000000,0.666667,0.750000,0.666667,0.500000,0.666667,0.333333,0.000000,0.000000,0.000000,0.666667,1.000000,0.000000,0.000000,0.666667,0.908439,0.937554,0.097521,0.000000,0.000000,0.000000,0.172188,0.000000,0.916667,1.000000,0.769431,0.886670,0.104204,0.081153,0.882353,1
0.125000,0.000000,0.250000,0.250000,0.744700,0.849057,0.829787,0.070769,0.000000,0.069592,0.061069,0.033333,0.029859,0.333333,1.000000,0.333333,0.107727,1.000000,0.750000,0.333333,0.250000,0.333333,0.333333,0.000000,0.000000,0.000000,0.000000,0.000000,0.666667,1.000000,0.833333,0.889168,0.902969,0.062359,0.000000,0.009094,0.011333,0.101543,0.000000,0.916667,1.000000,0.769431,0.886670,0.063465,0.049426,0.882353,1
0.125000,0.000000,0.250000,0.250000,0.775669,0.792453,0.765957,0.067692,0.000000,0.066566,0.021374,0.166667,0.047887,0.333333,1.000000,0.333333,0.000000,1.000000,0.750000,0.333333,0.250000,0.666667,0.000000,0.666667,1.000000,0.000000,0.000000,0.000000,0.333333,0.000000,0.333333,0.916619,0.935156,0.074948,0.000000,1.000000,0.000000,0.000000,0.000000,0.916667,1.000000,0.769431,0.886670,0.069905,0.054442,0.882353,1
0.125000,0.000000,0.250000,0.250000,0.712717,0.905660,0.893617,0.067692,0.000000,0.066566,0.061679,0.020000,0.084507,0.666667,1.000000,0.333333,0.108504,0.666667,0.750000,0.333333,0.250000,0.333333,0.000000,1.000000,0.000000,0.000000,0.000000,0.000000,0.666667,0.333333,0.666667,0.838055,0.861437,0.075927,0.000000,0.118218,0.182385,0.000000,0.000000,0.916667,0.850000,0.769431,0.886670,0.087880,0.068440,0.882353,1
0.125000,0.500000,0.250000,0.250000,0.692869,0.943396,0.936170,0.061538,0.000000,0.060514,0.004275,0.206667,0.211268,0.666667,1.000000,0.333333,0.000000,0.666667,0.250000,0.333333,0.250000,0.666667,0.000000,1.000000,0.000000,0.000000,0.000000,0.000000,0.000000,0.000000,0.500000,0.920608,0.944847,0.199510,0.000000,0.000000,0.000000,0.352267,0.000000,0.916667,0.760000,0.769431,0.886670,0.180145,0.140294,0.882353,1
0.875000,0.500000,0.250000,0.250000,0.773699,0.792453,0.765957,0.061538,0.018462,0.069592,0.051908,0.066667,0.208451,0.333333,1.000000,0.333333,0.000000,1.000000,0.750000,0.333333,0.250000,0.666667,0.333333,0.000000,0.000000,0.000000,0.666667,0.000000,1.000000,0.000000,0.666667,0.904875,0.970631,0.268323,0.000000,0.000000,0.000000,0.334452,0.156550,0.916667,1.000000,0.769431,0.886670,0.244126,0.190123,0.882353,1
0.125000,0.500000,0.250000,0.250000,0.721079,0.886792,0.872340,0.049231,0.000000,0.048411,0.036031,0.046667,0.036620,0.666667,1.000000,0.333333,0.014663,1.000000,0.750000,0.333333,0.250000,0.333333,0.000000,0.000000,0.000000,1.000000,0.333333,0.000000,0.666667,0.000000,0.666667,0.923619,0.954142,0.139570,0.000000,0.000000,0.000000,0.225897,0.023076,0.916667,1.000000,0.769431,0.886670,0.154165,0.120061,0.882353,1
0.250000,0.000000,0.250000,0.000000,0.676427,0.962264,0.957447,0.049231,0.000000,0.048411,0.034198,0.053333,0.002535,0.333333,1.000000,0.666667,0.000000,0.333333,0.500000,1.000000,0.250000,0.666667,0.333333,0.000000,0.666667,0.000000,0.000000,0.000000,1.000000,0.000000,0.500000,0.830151,0.850535,0.054418,0.000000,0.101791,0.127240,0.000000,0.000000,0.916667,0.850000,0.769431,0.886670,0.070794,0.055134,0.882353,1
0.500000,0.500000,1.000000,0.000000,0.728174,0.867925,0.851064,0.000000,0.000000,0.000000,0.000000,0.000000,0.000000,0.333333,0.500000,0.666667,0.000000,1.000000,0.250000,0.666667,0.750000,0.666667,0.000000,0.000000,0.666667,1.000000,0.000000,0.000000,0.000000,0.000000,0.500000,0.838406,0.895009,0.097742,0.000000,0.141099,0.170870,0.042967,0.000000,0.916667,0.850000,0.769431,0.886670,0.097490,0.075924,0.882353,1
0.125000,0.500000,0.250000,0.250000,0.698133,0.924528,0.914894,0.018462,0.000000,0.018154,0.016489,0.006667,0.112676,0.333333,1.000000,0.333333,0.000000,0.666667,0.750000,0.333333,0.250000,0.666667,0.000000,1.000000,0.666667,0.000000,0.000000,0.000000,0.000000,0.000000,0.666667,0.799990,0.831500,0.080096,0.112230,0.096804,0.188761,0.000000,0.000000,0.916667,0.850000,0.769431,0.886670,0.103257,0.080405,0.882353,1
